Kupwara_14062021081522191884.wav,Kupwara
Kupwara_14062021081522204129.wav,Kupwara
Kupwara_14062021081522211612.wav,Kupwara
Kupwara_14062021081522222216.wav,Kupwara
Kupwara_14062021081522230464.wav,Kupwara
Kupwara_14062021081522260591.wav,Kupwara
Kupwara_14062021081522271751.wav,Kupwara
Kupwara_14062021081522279928.wav,Kupwara
Kupwara_14062021081522289055.wav,Kupwara
Kupwara_14062021081522296324.wav,Kupwara
Kupwara_14062021081522305580.wav,Kupwara
Kupwara_14062021081522313264.wav,Kupwara
Kupwara_14062021081522321702.wav,Kupwara
Kupwara_14062021081522329964.wav,Kupwara
Kupwara_14062021081522338041.wav,Kupwara
Kupwara_14062021081522346711.wav,Kupwara
Kupwara_14062021081522354664.wav,Kupwara
Kupwara_14062021081522361993.wav,Kupwara
Kupwara_14062021081522370890.wav,Kupwara
Kupwara_14062021081522378463.wav,Kupwara
Kupwara_14062021081522386439.wav,Kupwara
Kupwara_14062021081522419220.wav,Kupwara
Kupwara_14062021081522426558.wav,Kupwara
Kupwara_14062021081522434562.wav,Kupwara
Kupwara_14062021081522442868.wav,Kupwara
Kupwara_14062021081522451081.wav,Kupwara
Kupwara_14062021081522458991.wav,Kupwara
Kupwara_14062021081522467466.wav,Kupwara
Kupwara_14062021081522476906.wav,Kupwara
Kupwara_14062021081522486148.wav,Kupwara
Kupwara_14062021081522495262.wav,Kupwara
Kupwara_14062021081522503885.wav,Kupwara
Kupwara_14062021081522511593.wav,Kupwara
Kupwara_14062021081522520895.wav,Kupwara
Kupwara_14062021081522528361.wav,Kupwara
Kupwara_14062021081522536600.wav,Kupwara
Kupwara_14062021081522565145.wav,Kupwara
Kupwara_14062021081522573820.wav,Kupwara
Kupwara_14062021081522581583.wav,Kupwara
Kupwara_14062021081522589368.wav,Kupwara
Kupwara_14062021081522596181.wav,Kupwara
Bandipora_14062021081522606487.wav,Bandipora
Bandipora_14062021081522614484.wav,Bandipora
Bandipora_14062021081522629641.wav,Bandipora
Bandipora_14062021081522638596.wav,Bandipora
Bandipora_14062021081522647233.wav,Bandipora
Bandipora_14062021081522654482.wav,Bandipora
Bandipora_14062021081522661347.wav,Bandipora
Bandipora_14062021081522668194.wav,Bandipora
Bandipora_14062021081522674958.wav,Bandipora
Bandipora_14062021081522705480.wav,Bandipora
Bandipora_14062021081522713162.wav,Bandipora
Bandipora_14062021081522721717.wav,Bandipora
Bandipora_14062021081522730594.wav,Bandipora
Bandipora_14062021081522738087.wav,Bandipora
Bandipora_14062021081522751574.wav,Bandipora
Bandipora_14062021081522760068.wav,Bandipora
Bandipora_14062021081522767838.wav,Bandipora
Bandipora_14062021081522775644.wav,Bandipora
Bandipora_14062021081522783381.wav,Bandipora
Bandipora_14062021081522792029.wav,Bandipora
Shopian_14062021081522802346.wav,Shopian
Shopian_14062021081522810131.wav,Shopian
Shopian_14062021081522818267.wav,Shopian
Shopian_14062021081522826012.wav,Shopian
Shopian_14062021081522861333.wav,Shopian
Shopian_14062021081522873381.wav,Shopian
Shopian_14062021081522882466.wav,Shopian
Shopian_14062021081522892495.wav,Shopian
Shopian_14062021081522900870.wav,Shopian
Shopian_14062021081522909292.wav,Shopian
Shopian_14062021081522917490.wav,Shopian
Shopian_14062021081522926300.wav,Shopian
Shopian_14062021081522934202.wav,Shopian
Shopian_14062021081522941688.wav,Shopian
Shopian_14062021081522949438.wav,Shopian
Shopian_14062021081522956584.wav,Shopian
Shopian_14062021081522965087.wav,Shopian
Shopian_14062021081522972067.wav,Shopian
Shopian_14062021081522980425.wav,Shopian
Shopian_14062021081523011058.wav,Shopian
Islamabad_14062021081523032934.wav,Islamabad
Islamabad_14062021081523040867.wav,Islamabad
Islamabad_14062021081523049136.wav,Islamabad
Islamabad_14062021081523056648.wav,Islamabad
Islamabad_14062021081523071038.wav,Islamabad
Islamabad_14062021081523081150.wav,Islamabad
Islamabad_14062021081523093894.wav,Islamabad
Islamabad_14062021081523104694.wav,Islamabad
Islamabad_14062021081523113121.wav,Islamabad
Islamabad_14062021081523120519.wav,Islamabad
Islamabad_14062021081523129548.wav,Islamabad
Islamabad_14062021081523137088.wav,Islamabad
Islamabad_14062021081523144467.wav,Islamabad
Islamabad_14062021081523170413.wav,Islamabad
Islamabad_14062021081523181881.wav,Islamabad
Islamabad_14062021081523190723.wav,Islamabad
Islamabad_14062021081523198641.wav,Islamabad
Islamabad_14062021081523206667.wav,Islamabad
Islamabad_14062021081523214474.wav,Islamabad
Islamabad_14062021081523222059.wav,Islamabad
Islamabad_14062021081523229007.wav,Islamabad
Islamabad_14062021081523238056.wav,Islamabad
Islamabad_14062021081523246398.wav,Islamabad
Islamabad_14062021081523255813.wav,Islamabad
Islamabad_14062021081523267736.wav,Islamabad
Islamabad_14062021081523282610.wav,Islamabad
Islamabad_14062021081523290643.wav,Islamabad
Islamabad_14062021081523298105.wav,Islamabad
Islamabad_14062021081523330094.wav,Islamabad
Islamabad_14062021081523338984.wav,Islamabad
Islamabad_14062021081523346937.wav,Islamabad
Islamabad_14062021081523354315.wav,Islamabad
Islamabad_14062021081523362221.wav,Islamabad
Islamabad_14062021081523370825.wav,Islamabad
Islamabad_14062021081523379449.wav,Islamabad
Islamabad_14062021081523387979.wav,Islamabad
Islamabad_14062021081523396982.wav,Islamabad
Islamabad_14062021081523404920.wav,Islamabad
Islamabad_14062021081523413067.wav,Islamabad
Islamabad_14062021081523424317.wav,Islamabad
Islamabad_14062021081523433133.wav,Islamabad
Islamabad_14062021081523440634.wav,Islamabad
Islamabad_14062021081523468132.wav,Islamabad
Islamabad_14062021081523479238.wav,Islamabad
Islamabad_14062021081523495335.wav,Islamabad
Islamabad_14062021081523504320.wav,Islamabad
Islamabad_14062021081523521964.wav,Islamabad
Islamabad_14062021081523534801.wav,Islamabad
Islamabad_14062021081523544272.wav,Islamabad
Islamabad_14062021081523552941.wav,Islamabad
Islamabad_14062021081523562221.wav,Islamabad
Islamabad_14062021081523571131.wav,Islamabad
Islamabad_14062021081523579219.wav,Islamabad
Islamabad_14062021081523587952.wav,Islamabad
Islamabad_14062021081523595659.wav,Islamabad
Islamabad_14062021081523603945.wav,Islamabad
Islamabad_14062021081523611124.wav,Islamabad
Islamabad_14062021081523640551.wav,Islamabad
Islamabad_14062021081523651758.wav,Islamabad
Islamabad_14062021081523659657.wav,Islamabad
